,smiles,Cas_No,CHds,XHds,HBAs,HydA0,HydA,HydP0,HydP,Hyd0,Hyd,delta_g_sol_oct,ExactMolWeight,FpDensityMorgan1,FpDensityMorgan2,FpDensityMorgan3,HeavyAtomMolWt,MaxAbsPartialCharge,MaxPartialCharge,MinAbsPartialCharge,MinPartialCharge,MolWt,NumRadicalElectrons,NumValenceElectrons,BalabanJ,BertzCT,Chi0,Chi1,Chi0n,Chi1n,Chi2n,Chi3n,Chi4n,Chi0v,Chi1v,Chi2v,Chi3v,Chi4v,HallKierAlpha,Kappa1,Kappa2,Kappa3,MolLogP,MolMR,HeavyAtomCount,NHOHCount,NOCount,NumHAcceptors,NumHDonors,NumHeteroatoms,NumRotatableBonds,NumAmideBonds,NumAromaticRings,NumAliphaticRings,NumSaturatedRings,NumAliphaticCarbocycles,NumAliphaticHeterocycles,NumAromaticCarbocycles,NumAromaticHeterocycles,NumSaturatedCarbocycles,NumSaturatedHeterocycles,RingCount,FractionCSP3,NumSpiroAtoms,NumBridgeheadAtoms,TPSA,LabuteASA,PEOE_VSA_1,PEOE_VSA_2,PEOE_VSA_3,PEOE_VSA_4,PEOE_VSA_5,PEOE_VSA_6,PEOE_VSA_7,PEOE_VSA_8,PEOE_VSA_9,PEOE_VSA_10,PEOE_VSA_11,PEOE_VSA_12,PEOE_VSA_13,PEOE_VSA_14,SMR_VSA_1,SMR_VSA_2,SMR_VSA_3,SMR_VSA_4,SMR_VSA_5,SMR_VSA_6,SMR_VSA_7,SMR_VSA_8,SMR_VSA_9,SMR_VSA_10,SlogP_VSA_1,SlogP_VSA_2,SlogP_VSA_3,SlogP_VSA_4,SlogP_VSA_5,SlogP_VSA_6,SlogP_VSA_7,SlogP_VSA_8,SlogP_VSA_9,SlogP_VSA_10,MQNs_1,MQNs_2,MQNs_3,MQNs_4,MQNs_5,MQNs_6,MQNs_7,MQNs_8,MQNs_9,MQNs_10,MQNs_11,MQNs_12,MQNs_13,MQNs_14,MQNs_15,MQNs_16,MQNs_17,MQNs_18,MQNs_19,MQNs_20,MQNs_21,MQNs_22,MQNs_23,MQNs_24,MQNs_25,MQNs_26,MQNs_27,MQNs_28,MQNs_29,MQNs_30,MQNs_31,MQNs_32,MQNs_33,MQNs_34,MQNs_35,MQNs_36,MQNs_37,MQNs_38,MQNs_39,MQNs_40,MQNs_41,MQNs_42,Fsp3,XLogP,MW,LipinskiFailures,nRotB,MLogP,nAtomP,nAtomLC,nB,nBase,nAtom,nAromBond,naAromAtom,ALogP,ALogp2,AMR,nAcid,nSmallRings,nAromRings,nRingBlocks,nAromBlocks,nRings3,nRings5,nRings6,nRings7,tpsaEfficiency,Zagreb,WPATH,WPOL,WTPT.1,WTPT.2,WTPT.3,WTPT.4,WTPT.5,VAdjMat,TopoPSA,topoShape,PetitjeanNumber,MDEC.11,MDEC.12,MDEC.13,MDEC.22,MDEC.23,MDEC.24,MDEC.33,MDEC.34,MDEC.44,MDEO.11,MDEO.12,MDEO.22,MDEN.11,MDEN.22,MDEN.23,MDEN.33,khs.sCH3,khs.ssCH2,khs.dsCH,khs.aaCH,khs.sssCH,khs.tsC,khs.dssC,khs.aasC,khs.aaaC,khs.ssssC,khs.ssNH,khs.tN,khs.aaN,khs.aasN,khs.sOH,khs.dO,khs.ssO,khs.dS,khs.dssS,khs.ddssS,khs.sCl,Kier1,Kier2,Kier3,HybRatio,fragC,FMF,ECCEN,SPC.4,SPC.5,SPC.6,VPC.4,VPC.5,VPC.6,SC.3,SC.4,SC.5,SC.6,VC.3,VC.4,VC.5,VC.6,SCH.3,SCH.4,SCH.5,SCH.6,SCH.7,VCH.3,VCH.4,VCH.5,VCH.6,VCH.7,C1SP1,C1SP2,C2SP2,C3SP2,C1SP3,C2SP3,C3SP3,ATSp1,ATSp2,ATSp3,ATSp4,ATSp5,ATSm1,ATSm2,ATSm3,ATSm4,ATSm5,nHBDon,nHBAcc,bpol,apol,nA,nR,nN,nD,nC,nF,nQ,nE,nG,nH,nI,nP,nL,nK,nM,nS,nT,nY,nV,nW,Fsp3.1,XLogP.1,MW.1,LipinskiFailures.1,nRotB.1,MLogP.1,nAtomP.1,nAtomLC.1,nB.1,nBase.1,nAtom.1,nAromBond.1,naAromAtom.1,ALogP.1,ALogp2.1,AMR.1,nAcid.1,nSmallRings.1,nAromRings.1,nRingBlocks.1,nAromBlocks.1,nRings3.1,nRings4,nRings5.1,nRings6.1,nRings7.1,nRings8,nRings9,tpsaEfficiency.1,Zagreb.1,WPATH.1,WPOL.1,WTPT.1.1,WTPT.2.1,WTPT.3.1,WTPT.4.1,WTPT.5.1,VAdjMat.1,TopoPSA.1,topoShape.1,PetitjeanNumber.1,MDEC.11.1,MDEC.12.1,MDEC.13.1,MDEC.14,MDEC.22.1,MDEC.23.1,MDEC.24.1,MDEC.33.1,MDEC.34.1,MDEC.44.1,MDEO.11.1,MDEO.12.1,MDEO.22.1,MDEN.11.1,MDEN.12,MDEN.13,MDEN.22.1,MDEN.23.1,MDEN.33.1,khs.sLi,khs.ssBe,khs.ssssBe,khs.ssBH,khs.sssB,khs.ssssB,khs.sCH3.1,khs.dCH2,khs.ssCH2.1,khs.tCH,khs.dsCH.1,khs.aaCH.1,khs.sssCH.1,khs.ddC,khs.tsC.1,khs.dssC.1,khs.aasC.1,khs.aaaC.1,khs.ssssC.1,khs.sNH3,khs.sNH2,khs.ssNH2,khs.dNH,khs.ssNH.1,khs.aaNH,khs.tN.1,khs.sssNH,khs.dsN,khs.aaN.1,khs.sssN,khs.ddsN,khs.aasN.1,khs.ssssN,khs.sOH.1,khs.dO.1,khs.ssO.1,khs.aaO,khs.sF,khs.sSiH3,khs.ssSiH2,khs.sssSiH,khs.ssssSi,khs.sPH2,khs.ssPH,khs.sssP,khs.dsssP,khs.sssssP,khs.sSH,khs.dS.1,khs.ssS,khs.aaS,khs.dssS.1,khs.ddssS.1,khs.sCl.1,khs.sGeH3,khs.ssGeH2,khs.sssGeH,khs.ssssGe,khs.sAsH2,khs.ssAsH,khs.sssAs,khs.sssdAs,khs.sssssAs,khs.sSeH,khs.dSe,khs.ssSe,khs.aaSe,khs.dssSe,khs.ddssSe,khs.sBr,khs.sSnH3,khs.ssSnH2,khs.sssSnH,khs.ssssSn,khs.sI,khs.sPbH3,khs.ssPbH2,khs.sssPbH,khs.ssssPb,Kier1.1,Kier2.1,Kier3.1,HybRatio.1,fragC.1,FMF.1,ECCEN.1,SPC.4.1,SPC.5.1,SPC.6.1,VPC.4.1,VPC.5.1,VPC.6.1,SC.3.1,SC.4.1,SC.5.1,SC.6.1,VC.3.1,VC.4.1,VC.5.1,VC.6.1,SCH.3.1,SCH.4.1,SCH.5.1,SCH.6.1,SCH.7.1,VCH.3.1,VCH.4.1,VCH.5.1,VCH.6.1,VCH.7.1,C1SP1.1,C2SP1,C1SP2.1,C2SP2.1,C3SP2.1,C1SP3.1,C2SP3.1,C3SP3.1,C4SP3,ATSp1.1,ATSp2.1,ATSp3.1,ATSp4.1,ATSp5.1,ATSm1.1,ATSm2.1,ATSm3.1,ATSm4.1,ATSm5.1,nHBDon.1,nHBAcc.1,bpol.1,apol.1,HBA1,HBA2,HBD,logP,MR,MW,nF,TPSA
Endrin Aldehyde,O=CC1CC2C3C1C1(Cl)C(Cl)(Cl)C3(Cl)C3(Cl)C2C13Cl,7421-93-4,4.8544,0,1.6347,2.3765,0.567997132,-40.0402,-9.569837476,-36.1144,-8.631548757,-13.81138076,377.870631,0.842105263,1.368421053,1.842105263,372.849,0.303076124,0.159972563,0.159972563,-0.303076124,380.913,0,104,1.888627663,566.4228625,13.80096491,8.669885524,9.347243525,6.257459465,6.650190301,6.651467426,6.338492255,13.8828172,8.525246303,10.36227727,11.85059713,10.86994527,1.41,12.90501509,2.807132725,0.71976403,3.8087,76.904,19,0,1,1,0,7,1,0,0,5,5,5,0,0,0,5,0,5,0.916666667,0,2,17.07,139.705578,4.794537184,0,0,0,46.40375956,23.20187978,24.17453976,11.83581209,9.748344583,16.03450511,4.333354113,0,0,0,4.794537184,0,0,29.58953023,30.2508649,0,0,0,0,75.89179986,0,30.1162038,4.794537184,29.58953023,6.420821623,0,0,0,0,0,12,0,6,0,0,0,0,0,0,1,0,19,7,1,0,15,0,0,1,2,1,0,0,0,0,7,1,0,0,1,5,5,1,0,4,0,0,0,0,0,9,8,0.916666667,3.869,380.9093872,0,1,2.01,2,8,23,0,27,0,0,2.9762,8.85776644,75.5717,0,9,0,1,0,1,4,2,2,0.045174191,140,503,52,39.27562325,2.067138066,17.80804043,2.498883367,0,5.523561956,17.07,0.75,0.428571429,0,0,0,0.5,5.296119205,2.823048736,6.083643419,11.9312078,7.071067812,0,0,0,0,0,0,0,0,1,1,0,5,0,0,0,0,5,0,0,0,0,0,1,0,0,0,0,6,11.63705104,2.354911725,0.581744729,0.916666667,619.07,0.578947368,231,11.19845265,22.12924068,43.37388137,12.93639598,25.66243034,51.40077133,3.271908526,0.413675135,3.051135103,1.144800359,3.639208633,0.488041121,3.816556345,1.523143581,0.144337567,0.516346035,0.774356136,2.510488447,7.257015173,0.144337567,0.554997736,0.857236861,2.726435574,8.233418958,0,1,0,0,0,2,9,2551.458693,3656.658948,6767.713272,6554.651665,3111.61921,66.05216848,35.04271581,83.27337212,157.4008699,118.2152555,0,1,12.223656,40.336344,0,0,0,0,0,0,0,0,0,0,0,0,0,0,0,0,0,0,0,0,0.916666667,3.869,380.9093872,0,1,2.01,2,8,23,0,27,0,0,2.9762,8.85776644,75.5717,0,9,0,1,0,1,0,4,2,2,0,0,0.045174191,140,503,52,39.27562325,2.067138066,17.80804043,2.498883367,0,5.523561956,17.07,0.75,0.428571429,0,0,0,0,0.5,5.296119205,2.823048736,6.083643419,11.9312078,7.071067812,0,0,0,0,0,0,0,0,0,0,0,0,0,0,0,0,0,1,0,1,0,5,0,0,0,0,0,5,0,0,0,0,0,0,0,0,0,0,0,0,0,0,0,1,0,0,0,0,0,0,0,0,0,0,0,0,0,0,0,0,0,0,6,0,0,0,0,0,0,0,0,0,0,0,0,0,0,0,0,0,0,0,0,0,0,0,0,0,11.63705104,2.354911725,0.581744729,0.916666667,619.07,0.578947368,231,11.19845265,22.12924068,43.37388137,12.93639598,25.66243034,51.40077133,3.271908526,0.413675135,3.051135103,1.144800359,3.639208633,0.488041121,3.816556345,1.523143581,0.144337567,0.516346035,0.774356136,2.510488447,7.257015173,0.144337567,0.554997736,0.857236861,2.726435574,8.233418958,0,0,1,0,0,0,2,9,0,2551.458693,3656.658948,6767.713272,6554.651665,3111.61921,66.05216848,35.04271581,83.27337212,157.4008699,118.2152555,0,1,12.223656,40.336344,1,1,0,3.8087,78.394,380.90932,0,17.07
Endosulfan I,O=S1OCC2C(CO1)C1(Cl)C(Cl)=C(Cl)C2(Cl)C1(Cl)Cl,115-29-7,4.9486,0,1.9556,9.8224,2.347609943,-47.3696,-11.32160612,-30.1412,-7.203919694,-12.22204769,403.8168811,0.947368421,1.315789474,1.684210526,400.881,0.304118821,0.304118821,0.268096469,-0.268096469,406.929,0,108,2.187726044,470.1834139,14.21517847,8.686411174,8.969694101,5.188423872,4.612036033,3.940673681,2.959223851,14.32176436,8.45621071,8.767340035,8.946869492,6.598894658,1.55,15.4458658,4.526742856,1.589442747,3.6898,77.3634,19,0,3,3,0,10,0,0,0,3,2,2,1,0,0,1,1,3,0.777777778,0,2,35.53,141.7906412,0,8.366170865,0,4.208898492,23.20187978,46.40375956,0,11.83581209,23.27833663,9.748344583,4.333354113,0,0,11.36131649,12.57506936,0,0,11.83581209,14.0816987,13.21376393,10.0645727,0,0,80.96695583,0,31.50436112,19.72748735,11.83581209,0,10.0645727,0,0,0,0,9,0,6,0,0,1,0,0,0,1,2,19,6,1,0,13,1,0,0,6,3,0,0,0,0,7,0,0,0,4,5,3,0,0,2,0,1,0,0,0,5,3,0.777777778,0.839,406.9261928,0,0,1.35,4,8,21,0,25,0,0,2.1434,4.59416356,79.4804,0,4,0,1,0,0,2,1,1,0.135556492,116,552,48,38.14304463,2.007528665,26.97102348,8.588847865,0,5.392317423,54.74,0.75,0.428571429,0,0,0,0.333333333,3.614408014,2.289428485,3.301927249,7.559526299,2.381101578,0,1,0.5,0,0,0,0,0,2,0,0,2,0,2,0,0,3,0,0,0,0,0,1,2,0,1,0,6,13.95918367,3.799853908,1.28,0.777777778,387.1,0.631578947,233,8.813298149,15.48001783,27.18992405,9.082453975,15.62169637,27.21877094,2.685060998,0.291666667,2.390350948,0.869608228,2.586970066,0.324377703,2.703470619,1.041050714,0,0,0.083333333,0.599595054,2.066008012,0,0,0.072916667,0.559097209,2.009709219,0,0,2,0,2,1,4,2393.174684,3104.474113,5348.977418,5719.566733,3216.638413,73.72885959,41.04400615,78.36490033,150.9259096,116.3687219,0,3,17.289242,38.226758,0,0,0,0,0,0,0,0,0,0,0,0,0,0,0,0,0,0,0,0,0.777777778,0.839,406.9261928,0,0,1.35,4,8,21,0,25,0,0,2.1434,4.59416356,79.4804,0,4,0,1,0,0,0,2,1,1,0,0,0.135556492,116,552,48,38.14304463,2.007528665,26.97102348,8.588847865,0,5.392317423,54.74,0.75,0.428571429,0,0,0,0,0.333333333,3.614408014,2.289428485,3.301927249,7.559526299,2.381101578,0,1,0.5,0,0,0,0,0,0,0,0,0,0,0,0,0,0,2,0,0,0,2,0,0,2,0,0,3,0,0,0,0,0,0,0,0,0,0,0,0,0,0,0,1,2,0,0,0,0,0,0,0,0,0,0,0,0,0,0,0,1,0,6,0,0,0,0,0,0,0,0,0,0,0,0,0,0,0,0,0,0,0,0,0,0,0,0,0,13.95918367,3.799853908,1.28,0.777777778,387.1,0.631578947,233,8.813298149,15.48001783,27.18992405,9.082453975,15.62169637,27.21877094,2.685060998,0.291666667,2.390350948,0.869608228,2.586970066,0.324377703,2.703470619,1.041050714,0,0,0.083333333,0.599595054,2.066008012,0,0,0.072916667,0.559097209,2.009709219,0,0,0,2,0,2,1,4,0,2393.174684,3104.474113,5348.977418,5719.566733,3216.638413,73.72885959,41.04400615,78.36490033,150.9259096,116.3687219,0,3,17.289242,38.226758,3,3,0,4.5555,77.8985,406.92514,0,54.74
Endosulfan Sulphate,O=S1(=O)OCC2C(CO1)C1(Cl)C(Cl)=C(Cl)C2(Cl)C1(Cl)Cl,1031-07-8,5.2372,0,2.4234,9.4319,2.254278203,-54.9055,-13.12272945,-23.8924,-5.71042065,-10.27444465,419.8117958,0.9,1.25,1.6,416.88,0.399374465,0.399374465,0.247799967,-0.247799967,422.928,0,114,2.187418774,573.9273121,15.1378282,8.999671106,9.377942391,5.355090538,4.816160179,4.036898726,3.014779407,14.73001265,8.95621071,9.37971247,9.235544627,6.765561325,1.35,16.21634356,4.456309281,1.623528318,3.3559,78.1408,20,0,4,4,0,11,0,0,0,3,2,2,1,0,0,1,1,3,0.777777778,0,2,52.6,145.0417854,0,0,8.366170865,8.417796984,23.20187978,46.40375956,0,11.83581209,23.27833663,9.748344583,4.333354113,0,0,10.39900058,16.78396785,0,0,11.83581209,14.0816987,13.21376393,10.0645727,0,0,80.00463992,0,35.71325961,18.76517145,11.83581209,0,10.0645727,0,0,0,0,9,0,6,0,0,1,0,0,0,2,2,20,6,2,0,13,1,0,0,8,4,0,0,0,0,8,0,0,0,4,4,4,0,0,2,0,1,0,0,0,5,3,0.777777778,0.681,422.9255978,0,0,1.24,5,8,22,0,26,0,0,2.2394,5.01491236,78.9568,0,4,0,1,0,0,2,1,1,0.145255566,124,641,50,39.90961425,1.995480713,29.53149839,10.95098855,0,5.459431619,60.98,0.75,0.428571429,0,0,0,0.333333333,3.614408014,2.289428485,3.301927249,7.559526299,2.381101578,0.5,2,0.5,0,0,0,0,0,2,0,0,2,0,2,0,0,3,0,0,0,0,0,2,2,0,0,1,6,14.91735537,3.8475,1.432882414,0.777777778,404.11,0.6,246,9.612156639,16.38756311,28.11731901,9.175682592,15.68715522,27.15893651,3.603492644,0.541666667,2.390350948,0.869608228,2.694533303,0.341377427,2.703470619,1.041050714,0,0,0.083333333,0.599595054,2.066008012,0,0,0.072916667,0.559097209,2.009709219,0,0,2,0,2,1,4,2466.129603,3199.611654,5566.387092,5922.964373,3451.014262,75.50332863,44.6004056,83.68830744,153.5900936,119.0329059,0,4,19.387242,39.028758,0,0,0,0,0,0,0,0,0,0,0,0,0,0,0,0,0,0,0,0,0.777777778,0.681,422.9255978,0,0,1.24,5,8,22,0,26,0,0,2.2394,5.01491236,78.9568,0,4,0,1,0,0,0,2,1,1,0,0,0.145255566,124,641,50,39.90961425,1.995480713,29.53149839,10.95098855,0,5.459431619,60.98,0.75,0.428571429,0,0,0,0,0.333333333,3.614408014,2.289428485,3.301927249,7.559526299,2.381101578,0.5,2,0.5,0,0,0,0,0,0,0,0,0,0,0,0,0,0,2,0,0,0,2,0,0,2,0,0,3,0,0,0,0,0,0,0,0,0,0,0,0,0,0,0,2,2,0,0,0,0,0,0,0,0,0,0,0,0,0,0,0,0,1,6,0,0,0,0,0,0,0,0,0,0,0,0,0,0,0,0,0,0,0,0,0,0,0,0,0,14.91735537,3.8475,1.432882414,0.777777778,404.11,0.6,246,9.612156639,16.38756311,28.11731901,9.175682592,15.68715522,27.15893651,3.603492644,0.541666667,2.390350948,0.869608228,2.694533303,0.341377427,2.703470619,1.041050714,0,0,0.083333333,0.599595054,2.066008012,0,0,0.072916667,0.559097209,2.009709219,0,0,0,2,0,2,1,4,0,2466.129603,3199.611654,5566.387092,5922.964373,3451.014262,75.50332863,44.6004056,83.68830744,153.5900936,119.0329059,0,4,19.387242,39.028758,4,4,0,4.4367,78.585,422.92454,0,60.98
Benomyl,CCCCNC(=O)n1c(NC(=O)OC)nc2ccccc21,17804-35-2,7.6923,1.8273,4.568,-4.7062,-1.124808795,-89.666,-21.43068834,-78.4505,-18.7501195,-22.2485835,290.1378904,1.333333333,2.095238095,2.80952381,272.179,0.452571671,0.41320683,0.41320683,-0.452571671,290.323,0,112,2.350217005,650.7065804,15.24227621,10.16823376,12.04989348,6.776665156,4.461599002,2.969698388,1.908887762,12.04989348,6.776665156,4.461599002,2.969698388,1.908887762,-2.57,14.8311391,6.735629459,3.305878854,2.5724,79.4654,21,2,7,5,2,7,4,2,2,0,0,0,0,1,1,0,0,2,0.357142857,0,0,85.25,121.8427561,10.05365156,5.316788604,19.14015254,0,0,25.47729296,18.55355576,6.544756406,18.14319898,0,0,5.948339281,0,12.12435458,14.32593732,0,14.86786677,0,19.76538045,18.97134255,24.26546827,0,0,29.1060953,10.63357721,35.3299867,4.736862954,0,19.76538045,24.26546827,0,11.03340144,0,15.53741365,14,0,0,0,0,0,0,2,2,3,0,21,10,2,0,5,5,0,4,10,7,2,2,0,0,4,6,2,0,5,4,0,0,0,1,1,0,0,0,0,2,1,0.357142857,2.024,290.3182637,0,8,2.23,16,12,22,0,39,10,9,2.9654,8.79359716,76.1601,0,2,2,1,1,0,1,1,0,0.293825808,102,944,30,42.0456323,2.002172967,20.46202437,7.746638463,12.71538591,5.459431619,85.25,0.833333333,0.454545455,0.090909091,2.31448367,1.784825525,5.978912114,9.365799833,0,4.17979401,0,0,0.166666667,0.577350269,0,0,0.944940787,1.5,0,2,3,0,4,0,0,2,1,2,0,2,0,1,1,0,2,1,0,0,0,0,17.3553719,8.585017836,4.487534626,0.357142857,1180.07,0.428571429,360,2.642567321,4.568735001,6.483142741,0.7079984,1.004898841,1.13673123,1.104904603,0,0.247525279,0,0.322311357,0,0.056714984,0,0,0,0.07856742,0.295360921,0.509192634,0,0,0.025,0.081645291,0.102565817,0,0,6,0,2,2,0,1205.143344,1391.25225,1907.726362,1889.125943,1747.871972,24.76332831,24.82400531,34.25914629,34.48528086,36.36646158,2,6,28.129726,43.448274,0,0,0,0,0,0,0,0,0,0,0,0,0,0,0,0,0,0,0,0,0.357142857,2.024,290.3182637,0,8,2.23,16,12,22,0,39,10,9,2.9654,8.79359716,76.1601,0,2,2,1,1,0,0,1,1,0,0,0,0.293825808,102,944,30,42.0456323,2.002172967,20.46202437,7.746638463,12.71538591,5.459431619,85.25,0.833333333,0.454545455,0.090909091,2.31448367,1.784825525,0,5.978912114,9.365799833,0,4.17979401,0,0,0.166666667,0.577350269,0,0,0,0,0.944940787,1.5,0,0,0,0,0,0,0,2,0,3,0,0,4,0,0,0,2,1,2,0,0,0,0,0,2,0,0,0,0,1,0,0,1,0,0,2,1,0,0,0,0,0,0,0,0,0,0,0,0,0,0,0,0,0,0,0,0,0,0,0,0,0,0,0,0,0,0,0,0,0,0,0,0,0,0,0,0,0,0,0,17.3553719,8.585017836,4.487534626,0.357142857,1180.07,0.428571429,360,2.642567321,4.568735001,6.483142741,0.7079984,1.004898841,1.13673123,1.104904603,0,0.247525279,0,0.322311357,0,0.056714984,0,0,0,0.07856742,0.295360921,0.509192634,0,0,0.025,0.081645291,0.102565817,0,0,0,6,0,2,2,0,0,1205.143344,1391.25225,1907.726362,1889.125943,1747.871972,24.76332831,24.82400531,34.25914629,34.48528086,36.36646158,2,6,28.129726,43.448274,6,7,2,3.0363,79.4004,290.31772,0,85.25
Chlorothanonil,N#Cc1c(Cl)c(Cl)c(Cl)c(C#N)c1Cl,1897-45-6,0,0,1.0243,-6.8068,-1.626864245,-15.707,-3.754063098,-22.503,-5.37834608,-10.87758768,263.8815587,0.642857143,1,1.285714286,265.914,0.1923229,0.102378679,0.102378679,-0.1923229,265.914,0,70,3.781719624,440.5804759,10.87831518,6.54011122,6.406285083,3.203142542,2.229535744,1.486982079,0.829868049,9.430000867,4.715000434,3.741393636,3.192304069,1.899925919,-0.64,11.4348503,4.255635544,1.628792107,4.04356,55.912,14,0,2,2,0,6,0,0,1,0,0,0,0,1,0,0,0,1,0,0,0,47.58,100.1595116,0,0,0,10.52378311,0,46.40375956,0,0,31.21743624,12.13844263,0,0,0,0,0,10.52378311,0,0,0,0,31.21743624,0,12.13844263,46.40375956,0,0,0,22.66222574,11.12690298,0,20.09053325,0,0,0,8,0,4,0,0,0,0,2,0,0,0,14,6,0,2,3,3,0,0,2,2,0,0,0,0,6,2,0,0,0,6,0,0,0,0,1,0,0,0,0,0,0,0,3.956,265.9110439,0,0,1.68,10,7,14,0,14,6,6,4.2454,18.02342116,56.7526,0,1,1,1,1,0,0,1,0,0.180308166,68,272,25,26.92827695,1.923448354,14.96462466,0,4.907022678,4.807354922,47.58,0.5,0.333333333,0,0,0,0.25,5.241482788,0,9.125465128,0,0,0,0,0,0.166666667,0,0,0,0,0,0,0,0,2,0,6,0,0,0,2,0,0,0,0,0,0,0,0,4,12.07142857,4.68,2.020408163,0,14.06,0.428571429,132,3.333786563,5.442935127,7.341144975,1.957652261,2.62753508,3.172492923,1.041965886,0,0.536491903,0,0.69194671,0,0.302450963,0,0,0,0,0.037037037,0.200526428,0,0,0,0.015625,0.086493339,2,0,4,2,0,0,0,1059.826817,1238.884773,1739.904215,1806.13312,1119.218269,45.57176023,22.13944642,35.94652898,64.51187522,65.28340766,0,2,3,25,0,0,0,0,0,0,0,0,0,0,0,0,0,0,0,0,0,0,0,0,0,3.956,265.9110439,0,0,1.68,10,7,14,0,14,6,6,4.2454,18.02342116,56.7526,0,1,1,1,1,0,0,0,1,0,0,0,0.180308166,68,272,25,26.92827695,1.923448354,14.96462466,0,4.907022678,4.807354922,47.58,0.5,0.333333333,0,0,0,0,0.25,5.241482788,0,9.125465128,0,0,0,0,0,0.166666667,0,0,0,0,0,0,0,0,0,0,0,0,0,0,0,0,0,0,0,2,0,6,0,0,0,0,0,0,0,0,2,0,0,0,0,0,0,0,0,0,0,0,0,0,0,0,0,0,0,0,0,0,0,0,0,0,0,0,4,0,0,0,0,0,0,0,0,0,0,0,0,0,0,0,0,0,0,0,0,0,0,0,0,0,12.07142857,4.68,2.020408163,0,14.06,0.428571429,132,3.333786563,5.442935127,7.341144975,1.957652261,2.62753508,3.172492923,1.041965886,0,0.536491903,0,0.69194671,0,0.302450963,0,0,0,0,0.037037037,0.200526428,0,0,0,0.015625,0.086493339,2,0,0,4,2,0,0,0,0,1059.826817,1238.884773,1739.904215,1806.13312,1119.218269,45.57176023,22.13944642,35.94652898,64.51187522,65.28340766,0,2,3,25,2,2,0,4.04356,55.912,265.911,0,47.58
Maneb,S=C([S-])NCCNC(=S)[S-].[Mn+2],12427-38-2,-0.021,0.5331,1.6721,6.8314,1.632743786,-24.8502,-5.939340344,-16.0504,-3.836137667,-3.600449667,264.8794273,1,1.272727273,1.454545455,259.264,2,2,0.411627882,-0.411627882,265.312,1,63,0,124.0537478,7.983127663,4.625897658,5.425171197,2.523603362,1.428468348,0.663675135,0.329124145,9.871580493,4.156596524,3.578298262,1.241025404,0.737372436,0.739480519,14.27393919,8.832594893,13.69401783,-0.1733,55.9314,11,2,2,4,2,7,3,0,0,0,0,0,0,0,0,0,0,0,0.5,0,0,24.06,98.55711583,60.32690239,0,0,0,0,8.641068171,0,13.08951281,0,0,0,0,0,17.06867815,17.06867815,0,10.63357721,0,0,13.08951281,0,0,0,58.33439335,10.63357721,21.73058098,42.32625645,0,0,0,0,0,0,0,4,0,0,0,0,4,0,2,0,0,0,11,7,2,0,0,0,0,3,2,2,2,2,2,1,4,4,2,0,0,0,0,0,0,0,0,0,0,0,0,0,0,0.5,-0.594,265.3063796,0,5,1.13,4,8,9,0,17,0,0,1.3814,1.90826596,41.8914,2,0,0,0,0,0,0,0,0,0.333132705,38,10000000141,7,19.49648942,1.772408129,16.24338827,0,5.729218825,4.169925001,88.24,999.000999,0.999000001,0,0,0,1,1.632993162,0,0.2,0,0,0,0,0,0,0.333333333,0,0,0,2,0,0,0,0,2,0,0,0,2,0,0,0,0,0,0,2,0,0,0,13.58024691,8.1,13.06122449,0.5,115.07,0,820130798,0.577350269,0.40824829,0.288675135,0.46291005,0.327326835,0.163663418,0.816496581,0,0,0,0.654653671,0,0,0,0,0,0,0,0,0,0,0,0,0,0,0,0,0,2,0,0,811.2421657,785.8799474,769.2205983,553.1349013,478.1871363,56.15316404,16.34386855,31.04169103,14.03912112,13.01150468,2,2,12.439242,34.240758,0,0,0,0,0,0,0,0,0,0,0,0,0,0,0,0,0,0,0,0,0.5,-0.594,265.3063796,0,5,1.13,4,8,9,0,17,0,0,1.3814,1.90826596,41.8914,2,0,0,0,0,0,0,0,0,0,0,0,0.333132705,38,10000000141,7,19.49648942,1.772408129,16.24338827,0,5.729218825,4.169925001,88.24,999.000999,0.999000001,0,0,0,0,1,1.632993162,0,0.2,0,0,0,0,0,0,0,0,0.333333333,0,0,0,0,0,0,0,0,0,0,2,0,0,0,0,0,0,2,0,0,0,0,0,0,0,2,0,0,0,0,0,0,0,0,0,0,0,0,0,0,0,0,0,0,0,0,0,0,0,0,2,0,0,0,0,0,0,0,0,0,0,0,0,0,0,0,0,0,0,0,0,0,0,0,0,0,0,0,0,0,0,13.58024691,8.1,13.06122449,0.5,115.07,0,820130798,0.577350269,0.40824829,0.288675135,0.46291005,0.327326835,0.163663418,0.816496581,0,0,0,0.654653671,0,0,0,0,0,0,0,0,0,0,0,0,0,0,0,0,0,0,2,0,0,0,811.2421657,785.8799474,769.2205983,553.1349013,478.1871363,56.15316404,16.34386855,31.04169103,14.03912112,13.01150468,2,2,12.439242,34.240758,4,6,2,0.611,55.1434,265.301889,0,88.24
Zineb,S=C([S-])NCCNC(=S)[S-].[Zn+2],9006-42-2,-0.1291,0.4697,3.5891,8.087,1.932839388,-63.7638,-15.23991396,-53.5988,-12.81042065,-12.57473265,273.8705244,1,1.272727273,1.454545455,269.716,2,2,0.411627882,-0.411627882,275.764,0,58,0,124.0537478,7.983127663,4.625897658,5.754313505,2.523603362,1.428468348,0.663675135,0.329124145,11.98742766,4.156596524,3.578298262,1.241025404,0.737372436,0.843376623,14.37197392,8.935598819,13.78461516,-0.1733,55.9314,11,2,2,4,2,7,3,0,0,0,0,0,0,0,0,0,0,0,0.5,0,0,24.06,100.8448236,60.32690239,0,0,0,0,8.641068171,0,13.08951281,0,0,0,0,0,19.4779689,19.4779689,0,10.63357721,0,0,13.08951281,0,0,0,58.33439335,10.63357721,21.73058098,44.73554719,0,0,0,0,0,0,0,4,0,0,0,0,4,0,2,0,0,0,11,7,2,0,0,0,0,3,2,2,2,2,2,1,4,4,2,0,0,0,0,0,0,0,0,0,0,0,0,0,0,0.5,-0.594,275.7638972,0,5,1.13,4,8,9,0,17,0,0,1.3814,1.90826596,41.8914,2,0,0,0,0,0,0,0,0,0.319842051,38,10000000141,7,19.49648942,1.772408129,16.24338827,0,5.729218825,4.169925001,88.24,999.000999,0.999000001,0,0,0,1,1.632993162,0,0.2,0,0,0,0,0,0,0.333333333,0,0,0,2,0,0,0,0,2,0,0,0,2,0,0,0,0,0,0,2,0,0,0,13.58024691,8.1,13.06122449,0.5,115.07,0,820130798,0.577350269,0.40824829,0.288675135,0.46291005,0.327326835,0.163663418,0.816496581,0,0,0,0.654653671,0,0,0,0,0,0,0,0,0,0,0,0,0,0,0,0,0,2,0,0,811.8412417,785.8799474,769.2205983,553.1349013,478.1871363,64.87637358,16.34386855,31.04169103,14.03912112,13.01150468,2,2,12.439242,31.940758,0,0,0,0,0,0,0,0,0,0,0,0,0,0,0,0,0,0,0,0,0.5,-0.594,275.7638972,0,5,1.13,4,8,9,0,17,0,0,1.3814,1.90826596,41.8914,2,0,0,0,0,0,0,0,0,0,0,0,0.319842051,38,10000000141,7,19.49648942,1.772408129,16.24338827,0,5.729218825,4.169925001,88.24,999.000999,0.999000001,0,0,0,0,1,1.632993162,0,0.2,0,0,0,0,0,0,0,0,0.333333333,0,0,0,0,0,0,0,0,0,0,2,0,0,0,0,0,0,2,0,0,0,0,0,0,0,2,0,0,0,0,0,0,0,0,0,0,0,0,0,0,0,0,0,0,0,0,0,0,0,0,2,0,0,0,0,0,0,0,0,0,0,0,0,0,0,0,0,0,0,0,0,0,0,0,0,0,0,0,0,0,0,13.58024691,8.1,13.06122449,0.5,115.07,0,820130798,0.577350269,0.40824829,0.288675135,0.46291005,0.327326835,0.163663418,0.816496581,0,0,0,0.654653671,0,0,0,0,0,0,0,0,0,0,0,0,0,0,0,0,0,0,2,0,0,0,811.8412417,785.8799474,769.2205983,553.1349013,478.1871363,64.87637358,16.34386855,31.04169103,14.03912112,13.01150468,2,2,12.439242,31.940758,4,6,2,0.6085,55.1434,275.74384,0,88.24
Paraquat,C[n+]1ccc(-c2cc[n+](C)cc2)cc1,4685-14-7,5.0656,0,0,-6.8046,-1.626338432,-3.889,-0.929493308,-10.6936,-2.55583174,-3.91936774,186.1146013,0.642857143,0.928571429,1.214285714,172.146,0.207741165,0.168629983,0.168629983,-0.207741165,186.258,0,70,2.39650904,371.5796467,9.966255326,6.754020195,8.513229345,4.665256622,3.504573019,2.290259223,1.386870871,8.513229345,4.665256622,3.504573019,2.290259223,1.386870871,-1.7,8.878890836,3.579733644,1.791403406,1.0026,54.23,14,0,2,0,0,2,1,0,2,0,0,0,0,0,2,0,0,2,0.166666667,0,0,7.76,84.07762049,0,0,9.134199296,0,0,0,11.12690298,24.26546827,0,14.09534397,24.78737429,0,0,0,9.134199296,0,0,14.09534397,0,0,49.05284256,0,11.12690298,0,9.134199296,0,14.09534397,0,0,49.05284256,0,11.12690298,0,0,12,0,0,0,0,0,0,0,2,0,0,14,3,0,0,6,6,0,1,2,2,0,0,0,2,2,0,0,0,8,4,0,0,0,0,2,0,0,0,0,0,0,0.166666667,4.74,186.2534077,0,1,2.56,12,10,15,2,28,12,12,-1.3112,1.71924544,49.8612,0,2,2,2,2,0,0,2,0,0.041694495,70,315,18,28.31084503,2.022203216,6.429392055,0,6.429392055,4.906890596,7.76,0.8,0.444444444,0.111111111,4.015779399,0.894427191,9.907484227,8.596559455,0,1,0,0,0,0,0,0,0,0,0.142857143,2,0,0,8,0,0,0,2,0,0,0,0,0,2,0,0,0,0,0,0,0,10.51555556,4.68,2.75,0.166666667,659.02,0.857142857,200,1.759305623,2.198911849,2.88035495,0.929231233,0.95427202,1.171722398,0.910683603,0,0.083333333,0,0.638071187,0,0.027777778,0,0,0,0,0.166666667,0.262891712,0,0,0,0.07856742,0.11785113,0,4,4,2,0,0,0,851.5045425,959.9289191,1256.789212,1120.238048,739.6909961,14.7199606,15.9970916,20.66472773,18.33236387,12.33236387,0,0,19.264898,32.655102,0,0,0,0,0,0,0,0,0,0,0,0,0,0,0,0,0,0,0,0,0.166666667,4.74,186.2534077,0,1,2.56,12,10,15,2,28,12,12,-1.3112,1.71924544,49.8612,0,2,2,2,2,0,0,0,2,0,0,0,0.041694495,70,315,18,28.31084503,2.022203216,6.429392055,0,6.429392055,4.906890596,7.76,0.8,0.444444444,0.111111111,4.015779399,0.894427191,0,9.907484227,8.596559455,0,1,0,0,0,0,0,0,0,0,0,0,0.142857143,0,0,0,0,0,0,2,0,0,0,0,8,0,0,0,0,2,0,0,0,0,0,0,0,0,0,0,0,0,0,0,2,0,0,0,0,0,0,0,0,0,0,0,0,0,0,0,0,0,0,0,0,0,0,0,0,0,0,0,0,0,0,0,0,0,0,0,0,0,0,0,0,0,0,0,0,0,0,0,10.51555556,4.68,2.75,0.166666667,659.02,0.857142857,200,1.759305623,2.198911849,2.88035495,0.929231233,0.95427202,1.171722398,0.910683603,0,0.083333333,0,0.638071187,0,0.027777778,0,0,0,0,0.166666667,0.262891712,0,0,0,0.07856742,0.11785113,0,0,4,4,2,0,0,0,0,851.5045425,959.9289191,1256.789212,1120.238048,739.6909961,14.7199606,15.9970916,20.66472773,18.33236387,12.33236387,0,0,19.264898,32.655102,0,0,0,1.0026,59.06,186.25296,0,7.76
Diquat,c1cc[n+]2c(c1)-c1cccc[n+]1CC2,2764-72-9,4.6201,0,0,-11.2073,-2.678608987,-3.7968,-0.907456979,-15.0041,-3.586065966,-4.867457966,184.0989512,0.714285714,1.214285714,1.714285714,172.146,0.277091275,0.277091275,0.186501733,-0.186501733,184.242,0,68,2.287583078,431.7528749,9.380468889,6.949489743,7.927442907,4.923417176,3.558545534,2.725529657,2.023116257,7.927442907,4.923417176,3.558545534,2.725529657,2.023116257,-1.7,7.680507604,2.909114514,1.037690596,0.9422,52.268,14,0,2,0,0,2,0,0,2,1,0,0,1,0,2,0,0,3,0.166666667,0,0,7.76,83.07178934,0,0,0,9.134199296,0,0,12.13273414,24.26546827,0,0,12.39368714,13.08951281,11.38785599,0,9.134199296,0,0,0,13.08951281,0,48.79188955,0,11.38785599,0,9.134199296,0,13.08951281,0,0,48.79188955,0,11.38785599,0,0,12,0,0,0,0,0,0,0,2,0,0,14,0,0,0,10,6,0,0,2,2,0,0,0,2,0,0,0,0,10,4,0,0,0,0,3,0,0,0,0,4,2,0.166666667,4.368,184.2375262,0,0,2.56,12,8,16,2,26,12,12,-0.6356,0.40398736,47.1482,0,3,2,1,2,0,0,3,0,0.042150994,76,271,22,29.51387083,2.108133631,7.016776643,0,7.016776643,5,7.76,0.75,0.428571429,0,0,0,14.84736996,8.502830004,0,1,0,0,0,0,0,0,0,0,0.333333333,0,2,0,8,0,0,0,2,0,0,0,0,0,2,0,0,0,0,0,0,0,9.2421875,3.867768595,1.648283039,0.166666667,602.02,1,170,1.82649207,3.269075925,4.823558521,1.324023571,2.170606949,2.968003263,0.60549886,0,0.191638319,0,0.49279928,0,0.125,0,0,0,0,0.222222222,0.371211015,0,0,0,0.14106742,0.239176833,0,2,8,0,2,0,0,950.0126399,1125.627201,1578.712234,1522.899725,1015.589407,14.7199606,16.9970916,23.32945547,23.02470803,16.66472773,0,0,17.078484,31.321516,0,0,0,0,0,0,0,0,0,0,0,0,0,0,0,0,0,0,0,0,0.166666667,4.368,184.2375262,0,0,2.56,12,8,16,2,26,12,12,-0.6356,0.40398736,47.1482,0,3,2,1,2,0,0,0,3,0,0,0,0.042150994,76,271,22,29.51387083,2.108133631,7.016776643,0,7.016776643,5,7.76,0.75,0.428571429,0,0,0,0,14.84736996,8.502830004,0,1,0,0,0,0,0,0,0,0,0,0,0.333333333,0,0,0,0,0,0,0,0,2,0,0,8,0,0,0,0,2,0,0,0,0,0,0,0,0,0,0,0,0,0,0,2,0,0,0,0,0,0,0,0,0,0,0,0,0,0,0,0,0,0,0,0,0,0,0,0,0,0,0,0,0,0,0,0,0,0,0,0,0,0,0,0,0,0,0,0,0,0,0,9.2421875,3.867768595,1.648283039,0.166666667,602.02,1,170,1.82649207,3.269075925,4.823558521,1.324023571,2.170606949,2.968003263,0.60549886,0,0.191638319,0,0.49279928,0,0.125,0,0,0,0,0.222222222,0.371211015,0,0,0,0.14106742,0.239176833,0,0,2,8,0,2,0,0,0,950.0126399,1125.627201,1578.712234,1522.899725,1015.589407,14.7199606,16.9970916,23.32945547,23.02470803,16.66472773,0,0,17.078484,31.321516,0,0,0,0.9422,56.946,184.23708,0,7.76
"1,2,3-triazine",c1cnnnc1,289-96-3,2.4163,0,1.2806,-3.0816,-0.736520076,-22.8514,-5.461615679,-20.5551,-4.912786807,-4.738162807,81.0326971,1,1.666666667,1.833333333,78.054,0.138743479,0.052938113,0.052938113,-0.138743479,81.078,0,30,3,77.96100506,4.242640687,3,3.073691594,1.583064446,0.810975314,0.408745482,0.204912773,3.073691594,1.583064446,0.810975314,0.408745482,0.204912773,-0.99,3.209600798,1.447444472,0.484488149,-0.1284,19.827,6,0,3,3,0,3,0,0,1,0,0,0,0,0,1,0,0,1,0,0,0,38.67,35.0272542,0,0,0,0,10.19736362,0,11.27975216,0,12.39368714,0,0,0,0,0,0,0,15.41074871,0,0,0,18.46005421,0,0,0,0,15.41074871,0,0,0,18.46005421,0,0,0,0,3,0,0,0,0,0,0,0,3,0,0,6,0,0,0,3,3,0,0,3,3,0,0,0,0,0,0,0,0,6,0,0,0,0,0,1,0,0,0,0,0,0,0,-0.89,81.07613957,0,0,1.46,6,4,6,0,9,6,6,-0.2554,0.06522916,23.6277,0,1,1,1,1,0,0,1,0,0.477214771,24,27,3,11.8125,1.96875,8.8125,0,8.8125,3.584962501,38.67,0,0,0,0,0,2.381101578,0,0,0,0,0,0,0,0,0,2.381101578,0,0,0,0,0,3,0,0,0,0,0,0,0,0,3,0,0,0,0,0,0,0,0,4.166666667,2.222222222,1.333333333,0,51.03,1,36,0,0,0,0,0,0,0,0,0,0,0,0,0,0,0,0,0,0.125,0,0,0,0,0.017213259,0,0,2,1,0,0,0,0,169.8323053,169.5161298,168.8928275,84.288326,0,7.079940904,7.052324469,7.024708034,3.4985458,0,0,3,4.599621,10.580379,0,0,0,0,0,0,0,0,0,0,0,0,0,0,0,0,0,0,0,0,0,-0.89,81.07613957,0,0,1.46,6,4,6,0,9,6,6,-0.2554,0.06522916,23.6277,0,1,1,1,1,0,0,0,1,0,0,0,0.477214771,24,27,3,11.8125,1.96875,8.8125,0,8.8125,3.584962501,38.67,0,0,0,0,0,0,2.381101578,0,0,0,0,0,0,0,0,0,0,0,2.381101578,0,0,0,0,0,0,0,0,0,0,0,0,0,3,0,0,0,0,0,0,0,0,0,0,0,0,0,0,0,0,3,0,0,0,0,0,0,0,0,0,0,0,0,0,0,0,0,0,0,0,0,0,0,0,0,0,0,0,0,0,0,0,0,0,0,0,0,0,0,0,0,0,0,0,0,0,0,0,0,0,0,4.166666667,2.222222222,1.333333333,0,51.03,1,36,0,0,0,0,0,0,0,0,0,0,0,0,0,0,0,0,0,0.125,0,0,0,0,0.017213259,0,0,0,2,1,0,0,0,0,0,169.8323053,169.5161298,168.8928275,84.288326,0,7.079940904,7.052324469,7.024708034,3.4985458,0,0,3,4.599621,10.580379,3,3,0,-0.1284,19.827,81.07602,0,38.67
"1,2,4-triazine",c1cnncn1,290-38-0,2.6163,0,1.5178,-3.0785,-0.735779159,-26.8592,-6.419502868,-23.6382,-5.649665392,-5.475041392,81.0326971,1,2,2.166666667,78.054,0.241232411,0.1375102,0.1375102,-0.241232411,81.078,0,30,3,77.96100506,4.242640687,3,3.073691594,1.566128892,0.793623757,0.404372741,0.204912773,3.073691594,1.566128892,0.793623757,0.404372741,0.204912773,-0.99,3.209600798,1.447444472,0.484488149,-0.1284,19.827,6,0,3,3,0,3,0,0,1,0,0,0,0,0,1,0,0,1,0,0,0,38.67,35.05880063,0,0,4.983978521,5.098681808,5.098681808,0,0,6.196843572,6.196843572,6.327320075,0,0,0,0,0,0,15.18134214,0,0,0,18.72100722,0,0,0,0,15.18134214,0,0,0,18.72100722,0,0,0,0,3,0,0,0,0,0,0,0,3,0,0,6,0,0,0,3,3,0,0,3,3,0,0,0,0,0,0,0,0,6,0,0,0,0,0,1,0,0,0,0,0,0,0,-1.101,81.07613957,0,0,1.46,6,4,6,0,9,6,6,-0.4161,0.17313921,22.6176,0,1,1,1,1,0,0,1,0,0.477214771,24,27,3,11.8125,1.96875,8.8125,0,8.8125,3.584962501,38.67,0,0,0,0,0,1.650963624,0,0,0,0,0,0,0,0,0,1.650963624,0,0,0,0,0,3,0,0,0,0,0,0,0,0,3,0,0,0,0,0,0,0,0,4.166666667,2.222222222,1.333333333,0,51.03,1,36,0,0,0,0,0,0,0,0,0,0,0,0,0,0,0,0,0,0.125,0,0,0,0,0.017213259,0,0,2,0,0,0,0,0,169.3716152,169.276736,169.1231726,84.52771983,0,7.079940904,7.024708034,7.024708034,3.526162234,0,0,3,5.919621,10.580379,0,0,0,0,0,0,0,0,0,0,0,0,0,0,0,0,0,0,0,0,0,-1.101,81.07613957,0,0,1.46,6,4,6,0,9,6,6,-0.4161,0.17313921,22.6176,0,1,1,1,1,0,0,0,1,0,0,0,0.477214771,24,27,3,11.8125,1.96875,8.8125,0,8.8125,3.584962501,38.67,0,0,0,0,0,0,1.650963624,0,0,0,0,0,0,0,0,0,0,0,1.650963624,0,0,0,0,0,0,0,0,0,0,0,0,0,3,0,0,0,0,0,0,0,0,0,0,0,0,0,0,0,0,3,0,0,0,0,0,0,0,0,0,0,0,0,0,0,0,0,0,0,0,0,0,0,0,0,0,0,0,0,0,0,0,0,0,0,0,0,0,0,0,0,0,0,0,0,0,0,0,0,0,0,4.166666667,2.222222222,1.333333333,0,51.03,1,36,0,0,0,0,0,0,0,0,0,0,0,0,0,0,0,0,0,0.125,0,0,0,0,0.017213259,0,0,0,2,0,0,0,0,0,0,169.3716152,169.276736,169.1231726,84.52771983,0,7.079940904,7.024708034,7.024708034,3.526162234,0,0,3,5.919621,10.580379,3,3,0,-0.1284,19.827,81.07602,0,38.67
"1,3,5-triazine",c1ncncn1,290-87-9,2.9933,0,1.8567,-3.0705,-0.733867113,-32.6683,-7.80791109,-24.2487,-5.795578394,-5.620954394,81.0326971,0.666666667,1,1.166666667,78.054,0.224903631,0.118515658,0.118515658,-0.224903631,81.078,0,30,3,77.96100506,4.242640687,3,3.073691594,1.549193338,0.793623757,0.4,0.204912773,3.073691594,1.549193338,0.793623757,0.4,0.204912773,-0.99,3.209600798,1.447444472,0.484488149,-0.1284,19.827,6,0,3,3,0,3,0,0,1,0,0,0,0,0,1,0,0,1,0,0,0,38.67,35.09034706,0,0,14.95193556,0,0,0,0,0,0,18.98196022,0,0,0,0,0,0,14.95193556,0,0,0,18.98196022,0,0,0,0,14.95193556,0,0,0,18.98196022,0,0,0,0,3,0,0,0,0,0,0,0,3,0,0,6,0,0,0,3,3,0,0,3,3,0,0,0,0,0,0,0,0,6,0,0,0,0,0,1,0,0,0,0,0,0,0,-1.101,81.07613957,0,0,1.46,6,4,6,0,9,6,6,-0.0543,0.00294849,22.6176,0,1,1,1,1,0,0,1,0,0.477214771,24,27,3,11.8125,1.96875,8.8125,0,8.8125,3.584962501,38.67,0,0,0,0,0,1.5,0,0,0,0,0,0,0,0,0,1.5,0,0,0,0,0,3,0,0,0,0,0,0,0,0,3,0,0,0,0,0,0,0,0,4.166666667,2.222222222,1.333333333,0,51.03,1,36,0,0,0,0,0,0,0,0,0,0,0,0,0,0,0,0,0,0.125,0,0,0,0,0.017213259,0,0,0,0,0,0,0,0,169.2180518,169.1909055,169.2180518,84.59545275,0,7.079940904,6.997091599,7.079940904,3.4985458,0,0,3,7.239621,10.580379,0,0,0,0,0,0,0,0,0,0,0,0,0,0,0,0,0,0,0,0,0,-1.101,81.07613957,0,0,1.46,6,4,6,0,9,6,6,-0.0543,0.00294849,22.6176,0,1,1,1,1,0,0,0,1,0,0,0,0.477214771,24,27,3,11.8125,1.96875,8.8125,0,8.8125,3.584962501,38.67,0,0,0,0,0,0,1.5,0,0,0,0,0,0,0,0,0,0,0,1.5,0,0,0,0,0,0,0,0,0,0,0,0,0,3,0,0,0,0,0,0,0,0,0,0,0,0,0,0,0,0,3,0,0,0,0,0,0,0,0,0,0,0,0,0,0,0,0,0,0,0,0,0,0,0,0,0,0,0,0,0,0,0,0,0,0,0,0,0,0,0,0,0,0,0,0,0,0,0,0,0,0,4.166666667,2.222222222,1.333333333,0,51.03,1,36,0,0,0,0,0,0,0,0,0,0,0,0,0,0,0,0,0,0.125,0,0,0,0,0.017213259,0,0,0,0,0,0,0,0,0,0,169.2180518,169.1909055,169.2180518,84.59545275,0,7.079940904,6.997091599,7.079940904,3.4985458,0,0,3,7.239621,10.580379,3,3,0,-0.1284,19.827,81.07602,0,38.67
"2,4-D",O=C(O)COc1ccc(Cl)cc1Cl,94-75-7,3.6253,1.0846,2.0987,0.0596,0.014244742,-47.5819,-11.37234704,-44.5488,-10.64741874,-13.98866674,219.9693994,1.461538462,2.153846154,2.692307692,214.991,0.480348445,0.341223609,0.341223609,-0.480348445,221.039,0,70,2.719441518,325.1652198,9.844934983,6.092224153,6.458796711,3.390081958,2.257157536,1.245073631,0.731754175,7.970654603,4.146010904,3.100793443,1.775540299,1.194802577,-0.93,10.15285004,4.346851547,3.125324761,2.4568,49.5928,13,1,3,2,1,5,3,0,1,0,0,0,0,1,0,0,0,1,0.125,0,0,46.53,84.83712088,9.843390349,0,4.794537184,0,0,23.20187978,18.19910121,5.022633314,5.022633314,5.749511833,6.606881965,0,0,5.969305288,14.63792753,0,0,0,0,6.606881965,28.24436783,0,5.749511833,29.17118507,4.736862954,17.68271465,4.794537184,0,0,18.19910121,10.04526663,0,0,0,8,0,2,0,0,0,0,0,0,3,0,13,6,1,0,3,3,0,3,6,3,1,1,0,0,4,2,1,0,3,3,0,0,0,0,1,0,0,0,0,0,0,0.125,2.563,221.0376216,0,3,1.79,7,9,13,0,19,6,6,2.8119,7.90678161,48.3656,1,1,1,1,1,0,0,1,0,0.211529422,60,266,15,25.24384849,1.9418345,12.81773136,7.771488235,0,4.700439718,46.53,1,0.5,0,0,0,2.334815149,7.615919184,0,2.182247272,0,0,0.5,0.666666667,0,0,0,0,0,0,1,0,3,0,0,1,3,0,0,0,0,0,0,1,1,1,0,0,0,2,11.07692308,5.024221453,3.703703704,0.125,205.05,0.461538462,155,1.649102101,2.015547203,2.548288872,0.649613874,0.807590558,0.802930744,1.099292352,0,0.11785113,0,0.476120942,0,0.038575837,0,0,0,0,0.068041382,0.184195286,0,0,0,0.024056261,0.0643754,0,1,6,0,1,0,0,686.0904633,755.6173321,954.2678861,828.989031,529.8056393,30.74930692,18.23190919,27.24201148,27.95223457,25.56453776,1,2,10.273242,24.846758,0,0,0,0,0,0,0,0,0,0,0,0,0,0,0,0,0,0,0,0,0.125,2.563,221.0376216,0,3,1.79,7,9,13,0,19,6,6,2.8119,7.90678161,48.3656,1,1,1,1,1,0,0,0,1,0,0,0,0.211529422,60,266,15,25.24384849,1.9418345,12.81773136,7.771488235,0,4.700439718,46.53,1,0.5,0,0,0,0,2.334815149,7.615919184,0,2.182247272,0,0,0.5,0.666666667,0,0,0,0,0,0,0,0,0,0,0,0,0,0,0,1,0,0,3,0,0,0,1,3,0,0,0,0,0,0,0,0,0,0,0,0,0,0,0,0,1,1,1,0,0,0,0,0,0,0,0,0,0,0,0,0,0,0,0,0,2,0,0,0,0,0,0,0,0,0,0,0,0,0,0,0,0,0,0,0,0,0,0,0,0,0,11.07692308,5.024221453,3.703703704,0.125,205.05,0.461538462,155,1.649102101,2.015547203,2.548288872,0.649613874,0.807590558,0.802930744,1.099292352,0,0.11785113,0,0.476120942,0,0.038575837,0,0,0,0,0.068041382,0.184195286,0,0,0,0.024056261,0.0643754,0,0,1,6,0,1,0,0,0,686.0904633,755.6173321,954.2678861,828.989031,529.8056393,30.74930692,18.23190919,27.24201148,27.95223457,25.56453776,1,2,10.273242,24.846758,3,3,1,2.4568,49.5328,221.03744,0,46.53
"2,4,5-T",O=C(O)COc1cc(Cl)c(Cl)cc1Cl,93-76-5,3.4214,1.1328,2.2354,1.5997,0.382337476,-50.344,-12.03250478,-45.0123,-10.7581979,-14.9880699,253.9304271,1.214285714,1.785714286,2.357142857,250.444,0.480292523,0.341223621,0.341223621,-0.480292523,255.484,0,76,2.866629469,365.0942913,10.71517847,6.502907755,6.759410915,3.495730861,2.379152475,1.325956078,0.754415128,9.027197753,4.62962428,3.600752855,2.34347571,1.345797196,-0.64,11.4348503,4.731837043,2.941320128,3.1102,54.6028,14,1,3,2,1,6,3,0,1,0,0,0,0,1,0,0,0,1,0.125,0,0,46.53,95.14038711,9.843390349,0,4.794537184,0,0,34.80281967,6.066367068,6.066367068,15.06789994,5.749511833,6.606881965,0,0,5.969305288,14.63792753,0,0,0,0,6.606881965,27.20063408,0,5.749511833,40.77212496,4.736862954,17.68271465,4.794537184,0,0,12.13273414,15.06789994,0,0,0,8,0,3,0,0,0,0,0,0,3,0,14,7,1,0,3,3,0,3,6,3,1,1,0,0,5,2,1,0,2,4,0,0,0,0,1,0,0,0,0,0,0,0.125,3.185,255.4826185,0,3,1.68,7,9,14,0,19,6,6,3.4763,12.08466169,53.1704,1,1,1,1,1,0,0,1,0,0.183239167,66,318,18,27.08649909,1.934749935,15.32287939,7.771013604,0,4.807354922,46.53,1,0.5,0,0,0,0.908560296,7.42111527,0,3.87917614,0,0,0.5,0.666666667,0,0,0,0,0,0,1,0,2,0,0,1,4,0,0,0,0,0,0,1,1,1,0,0,0,3,12.07142857,5.185595568,3.591836735,0.125,179.06,0.428571429,168,2.333588584,2.555707106,3.853264489,1.165255301,1.133147569,1.511292904,1.282021738,0,0.284517797,0,0.614465541,0,0.145718695,0,0,0,0,0.055555556,0.205950377,0,0,0,0.020833333,0.079373511,0,1,6,0,1,0,0,836.8663605,937.4253074,1227.663171,1117.766347,712.4896013,39.46225683,21.18367983,33.14555276,42.56872576,32.44833838,1,2,9.600035,26.359965,0,0,0,0,0,0,0,0,0,0,0,0,0,0,0,0,0,0,0,0,0.125,3.185,255.4826185,0,3,1.68,7,9,14,0,19,6,6,3.4763,12.08466169,53.1704,1,1,1,1,1,0,0,0,1,0,0,0,0.183239167,66,318,18,27.08649909,1.934749935,15.32287939,7.771013604,0,4.807354922,46.53,1,0.5,0,0,0,0,0.908560296,7.42111527,0,3.87917614,0,0,0.5,0.666666667,0,0,0,0,0,0,0,0,0,0,0,0,0,0,0,1,0,0,2,0,0,0,1,4,0,0,0,0,0,0,0,0,0,0,0,0,0,0,0,0,1,1,1,0,0,0,0,0,0,0,0,0,0,0,0,0,0,0,0,0,3,0,0,0,0,0,0,0,0,0,0,0,0,0,0,0,0,0,0,0,0,0,0,0,0,0,12.07142857,5.185595568,3.591836735,0.125,179.06,0.428571429,168,2.333588584,2.555707106,3.853264489,1.165255301,1.133147569,1.511292904,1.282021738,0,0.284517797,0,0.614465541,0,0.145718695,0,0,0,0,0.055555556,0.205950377,0,0,0,0.020833333,0.079373511,0,0,1,6,0,1,0,0,0,836.8663605,937.4253074,1227.663171,1117.766347,712.4896013,39.46225683,21.18367983,33.14555276,42.56872576,32.44833838,1,2,9.600035,26.359965,3,3,1,3.1102,54.5428,255.4825,0,46.53
MCPA,Cc1cc(Cl)ccc1OCC(=O)O,94-74-6,5.1057,0.9709,2.3507,-0.4706,-0.112476099,-53.2323,-12.72282505,-49.5873,-11.85164914,-14.72372434,200.0240218,1.615384615,2.307692308,2.846153846,191.549,0.481638176,0.341222404,0.341222404,-0.481638176,200.621,0,70,2.719441518,322.6358948,9.844934983,6.092224153,7.080832238,3.701099722,2.592232607,1.488126055,0.914253131,7.836761184,4.079064195,3.028668388,1.723223158,1.140910627,-1.22,9.864889643,4.14078301,2.951371503,2.11182,49.3198,13,1,3,2,1,4,3,0,1,0,0,0,0,1,0,0,0,1,0.222222222,0,0,46.53,80.89879677,9.843390349,0,4.794537184,0,0,11.60093989,30.6862899,5.022633314,0,5.749511833,6.606881965,0,0,5.969305288,14.63792753,0,0,0,6.9237372,6.606881965,28.78518601,0,5.749511833,17.57024518,4.736862954,17.68271465,4.794537184,6.9237372,5.563451492,18.19910121,5.022633314,0,0,0,9,0,1,0,0,0,0,0,0,3,0,13,6,1,0,3,3,0,3,6,3,1,1,0,0,4,2,1,0,3,3,0,0,0,0,1,0,0,0,0,0,0,0.222222222,2.167,200.6192422,0,3,2.01,7,9,13,0,22,6,6,2.6337,6.93637569,48.602,1,1,1,1,1,0,0,1,0,0.23262206,60,266,15,25.24384849,1.9418345,10.28505118,7.771488235,0,4.700439718,46.53,1,0.5,0,1.277886208,1.709148026,2.334815149,7.615919184,0,2.182247272,0,0,0.5,0.666666667,0,0,0,0,0,1,1,0,3,0,0,1,3,0,0,0,0,0,0,1,1,1,0,0,0,1,11.07692308,5.024221453,3.703703704,0.222222222,328.04,0.461538462,155,1.649102101,2.015547203,2.548288872,0.613013673,0.746724552,0.744565606,1.099292352,0,0.11785113,0,0.456795091,0,0.034020691,0,0,0,0,0.068041382,0.184195286,0,0,0,0.024056261,0.061154425,0,1,5,1,2,0,0,647.0940164,709.633512,898.1914126,783.669652,507.0558723,23.03635701,16.28013855,23.3384702,21.44875528,15.89981721,1,2,13.132863,26.427137,0,0,0,0,0,0,0,0,0,0,0,0,0,0,0,0,0,0,0,0,0.222222222,2.167,200.6192422,0,3,2.01,7,9,13,0,22,6,6,2.6337,6.93637569,48.602,1,1,1,1,1,0,0,0,1,0,0,0,0.23262206,60,266,15,25.24384849,1.9418345,10.28505118,7.771488235,0,4.700439718,46.53,1,0.5,0,1.277886208,1.709148026,0,2.334815149,7.615919184,0,2.182247272,0,0,0.5,0.666666667,0,0,0,0,0,0,0,0,0,0,0,0,0,1,0,1,0,0,3,0,0,0,1,3,0,0,0,0,0,0,0,0,0,0,0,0,0,0,0,0,1,1,1,0,0,0,0,0,0,0,0,0,0,0,0,0,0,0,0,0,1,0,0,0,0,0,0,0,0,0,0,0,0,0,0,0,0,0,0,0,0,0,0,0,0,0,11.07692308,5.024221453,3.703703704,0.222222222,328.04,0.461538462,155,1.649102101,2.015547203,2.548288872,0.613013673,0.746724552,0.744565606,1.099292352,0,0.11785113,0,0.456795091,0,0.034020691,0,0,0,0,0.068041382,0.184195286,0,0,0,0.024056261,0.061154425,0,0,1,5,1,2,0,0,0,647.0940164,709.633512,898.1914126,783.669652,507.0558723,23.03635701,16.28013855,23.3384702,21.44875528,15.89981721,1,2,13.132863,26.427137,3,3,1,2.1118,49.4888,200.61896,0,46.53
